quote_date,usd_per_eur,usd_per_gbp,usd_per_mxn
2025-01-01,1.0569,1.2445,0.05105
2025-01-02,1.0573,1.2493,0.05065
2025-01-03,1.0555,1.2512,0.05075
2025-01-06,1.0468,1.2497,0.05061
2025-01-07,1.0481,1.2523,0.05042
2025-01-08,1.0426,1.2562,0.05028
2025-01-09,1.0402,1.2499,0.05046
2025-01-10,1.0359,1.2439,0.05013
2025-01-13,1.0294,1.2376,0.05011
2025-01-14,1.0248,1.2442,0.04979
2025-01-15,1.0288,1.2387,0.04998
2025-01-16,1.0310,1.2424,0.04990
2025-01-17,1.0301,1.2411,0.04930
2025-01-20,1.0272,1.2371,0.04904
2025-01-21,1.0267,1.2364,0.04883
2025-01-22,1.0259,1.2417,0.04866
2025-01-23,1.0243,1.2404,0.04891
2025-01-24,1.0201,1.2460,0.04910
2025-01-27,1.0200,1.2438,0.04904
2025-01-28,1.0220,1.2443,0.04901
2025-01-29,1.0205,1.2381,0.04903
2025-01-30,1.0200,1.2393,0.04911
2025-01-31,1.0200,1.2401,0.04928
2025-02-03,1.0200,1.2418,0.04910
2025-02-04,1.0232,1.2442,0.04952
2025-02-05,1.0294,1.2489,0.04944
2025-02-06,1.0325,1.2444,0.04945
2025-02-07,1.0301,1.2441,0.04952
2025-02-10,1.0268,1.2488,0.04956
2025-02-11,1.0333,1.2542,0.04971
2025-02-12,1.0301,1.2520,0.04991
2025-02-13,1.0292,1.2524,0.05007
2025-02-14,1.0239,1.2610,0.05048
2025-02-17,1.0303,1.2545,0.05038
2025-02-18,1.0317,1.2511,0.05029
2025-02-19,1.0304,1.2518,0.05019
2025-02-20,1.0215,1.2573,0.05028
2025-02-21,1.0238,1.2663,0.05029
2025-02-24,1.0200,1.2650,0.05021
2025-02-25,1.0229,1.2646,0.05019
2025-02-26,1.0200,1.2699,0.04989
2025-02-27,1.0264,1.2753,0.04985
2025-02-28,1.0305,1.2734,0.04978
2025-03-03,1.0263,1.2718,0.04970
2025-03-04,1.0200,1.2711,0.04995
2025-03-05,1.0222,1.2695,0.05013
2025-03-06,1.0200,1.2760,0.05032
2025-03-07,1.0200,1.2705,0.05029
2025-03-10,1.0200,1.2731,0.05019
2025-03-11,1.0213,1.2678,0.05023
2025-03-12,1.0213,1.2628,0.05002
2025-03-13,1.0200,1.2660,0.04992
2025-03-14,1.0200,1.2651,0.04997
2025-03-17,1.0200,1.2592,0.05010
2025-03-18,1.0200,1.2560,0.04963
2025-03-19,1.0200,1.2552,0.04982
2025-03-20,1.0205,1.2556,0.04978
2025-03-21,1.0200,1.2600,0.04966
2025-03-24,1.0200,1.2562,0.05002
2025-03-25,1.0200,1.2543,0.05007
2025-03-26,1.0200,1.2526,0.05015
2025-03-27,1.0232,1.2455,0.05009
2025-03-28,1.0200,1.2481,0.05009
2025-03-31,1.0200,1.2433,0.05027
2025-04-01,1.0207,1.2514,0.05016
2025-04-02,1.0230,1.2476,0.04994
2025-04-03,1.0287,1.2387,0.04991
2025-04-04,1.0289,1.2363,0.05011
2025-04-07,1.0306,1.2347,0.05030
2025-04-08,1.0328,1.2222,0.04982
2025-04-09,1.0319,1.2186,0.04990
2025-04-10,1.0288,1.2151,0.04994
2025-04-11,1.0267,1.2230,0.04991
2025-04-14,1.0294,1.2180,0.04978
2025-04-15,1.0326,1.2200,0.04985
2025-04-16,1.0316,1.2210,0.04972
2025-04-17,1.0315,1.2207,0.04978
2025-04-18,1.0281,1.2195,0.05000
2025-04-21,1.0276,1.2233,0.04962
2025-04-22,1.0298,1.2314,0.04940
2025-04-23,1.0274,1.2320,0.04998
2025-04-24,1.0269,1.2249,0.04996
2025-04-25,1.0305,1.2165,0.04994
2025-04-28,1.0336,1.2189,0.04937
2025-04-29,1.0317,1.2281,0.04914
2025-04-30,1.0313,1.2267,0.04915
2025-05-01,1.0326,1.2307,0.04896
2025-05-02,1.0328,1.2315,0.04907
2025-05-05,1.0353,1.2352,0.04939
2025-05-06,1.0388,1.2403,0.04943
2025-05-07,1.0377,1.2438,0.04953
2025-05-08,1.0304,1.2421,0.04944
2025-05-09,1.0325,1.2445,0.04915
2025-05-12,1.0366,1.2510,0.04919
2025-05-13,1.0338,1.2524,0.04919
2025-05-14,1.0296,1.2415,0.04906
2025-05-15,1.0258,1.2447,0.04836
2025-05-16,1.0268,1.2509,0.04844
2025-05-19,1.0301,1.2596,0.04845
2025-05-20,1.0286,1.2633,0.04837
2025-05-21,1.0280,1.2600,0.04824
2025-05-22,1.0265,1.2653,0.04836
2025-05-23,1.0311,1.2614,0.04853
2025-05-26,1.0304,1.2636,0.04831
2025-05-27,1.0317,1.2674,0.04842
2025-05-28,1.0313,1.2669,0.04850
2025-05-29,1.0344,1.2662,0.04861
2025-05-30,1.0247,1.2644,0.04843
2025-06-02,1.0282,1.2701,0.04841
2025-06-03,1.0278,1.2753,0.04821
2025-06-04,1.0214,1.2782,0.04818
2025-06-05,1.0206,1.2750,0.04820
2025-06-06,1.0200,1.2791,0.04811
2025-06-09,1.0216,1.2745,0.04776
2025-06-10,1.0223,1.2767,0.04772
2025-06-11,1.0202,1.2732,0.04771
2025-06-12,1.0200,1.2732,0.04762
2025-06-13,1.0200,1.2774,0.04750
2025-06-16,1.0251,1.2819,0.04757
2025-06-17,1.0244,1.2859,0.04750
2025-06-18,1.0206,1.2841,0.04750
2025-06-19,1.0221,1.2865,0.04750
2025-06-20,1.0200,1.2911,0.04778
2025-06-23,1.0270,1.2885,0.04750
2025-06-24,1.0200,1.2922,0.04750
2025-06-25,1.0254,1.2905,0.04750
2025-06-26,1.0268,1.2864,0.04750
2025-06-27,1.0308,1.2890,0.04750
2025-06-30,1.0300,1.2915,0.04750
2025-07-01,1.0245,1.2915,0.04751
2025-07-02,1.0324,1.2912,0.04757
2025-07-03,1.0326,1.2857,0.04820
2025-07-04,1.0270,1.2817,0.04835
2025-07-07,1.0241,1.2791,0.04806
2025-07-08,1.0280,1.2718,0.04806
2025-07-09,1.0283,1.2696,0.04811
2025-07-10,1.0286,1.2636,0.04813
2025-07-11,1.0256,1.2670,0.04817
2025-07-14,1.0239,1.2659,0.04841
2025-07-15,1.0280,1.2662,0.04822
2025-07-16,1.0305,1.2623,0.04808
2025-07-17,1.0329,1.2662,0.04854
2025-07-18,1.0380,1.2690,0.04801
2025-07-21,1.0383,1.2649,0.04819
2025-07-22,1.0379,1.2698,0.04850
2025-07-23,1.0457,1.2703,0.04850
2025-07-24,1.0472,1.2717,0.04788
2025-07-25,1.0444,1.2725,0.04785
2025-07-28,1.0373,1.2784,0.04778
2025-07-29,1.0341,1.2777,0.04750
2025-07-30,1.0339,1.2873,0.04760
2025-07-31,1.0344,1.2838,0.04754
2025-08-01,1.0345,1.2809,0.04755
2025-08-04,1.0318,1.2880,0.04785
2025-08-05,1.0294,1.2777,0.04759
2025-08-06,1.0353,1.2751,0.04750
2025-08-07,1.0322,1.2719,0.04750
2025-08-08,1.0244,1.2716,0.04750
2025-08-11,1.0217,1.2750,0.04750
2025-08-12,1.0200,1.2728,0.04750
2025-08-13,1.0200,1.2709,0.04763
2025-08-14,1.0210,1.2752,0.04750
2025-08-15,1.0209,1.2779,0.04750
2025-08-18,1.0217,1.2744,0.04776
2025-08-19,1.0275,1.2744,0.04750
2025-08-20,1.0263,1.2798,0.04750
2025-08-21,1.0297,1.2808,0.04759
2025-08-22,1.0311,1.2870,0.04761
2025-08-25,1.0320,1.2893,0.04750
2025-08-26,1.0298,1.2909,0.04788
2025-08-27,1.0304,1.2900,0.04783
2025-08-28,1.0293,1.2880,0.04777
2025-08-29,1.0311,1.2841,0.04750
2025-09-01,1.0305,1.2905,0.04751
2025-09-02,1.0362,1.2931,0.04761
2025-09-03,1.0354,1.2944,0.04781
2025-09-04,1.0369,1.2996,0.04803
2025-09-05,1.0386,1.2992,0.04821
2025-09-08,1.0395,1.2974,0.04840
2025-09-09,1.0422,1.3000,0.04841
2025-09-10,1.0410,1.2985,0.04853
2025-09-11,1.0368,1.2927,0.04878
2025-09-12,1.0298,1.2922,0.04879
2025-09-15,1.0252,1.2940,0.04916
2025-09-16,1.0218,1.2953,0.04885
2025-09-17,1.0264,1.2979,0.04826
2025-09-18,1.0275,1.2955,0.04842
2025-09-19,1.0249,1.2995,0.04840
2025-09-22,1.0247,1.2981,0.04839
2025-09-23,1.0212,1.2956,0.04843
2025-09-24,1.0210,1.2899,0.04917
2025-09-25,1.0200,1.2982,0.04914
2025-09-26,1.0200,1.2995,0.04883
2025-09-29,1.0200,1.3000,0.04883
2025-09-30,1.0200,1.3000,0.04860
2025-10-01,1.0200,1.2996,0.04888
2025-10-02,1.0200,1.2982,0.04907
2025-10-03,1.0201,1.3000,0.04909
2025-10-06,1.0200,1.2972,0.04944
2025-10-07,1.0237,1.2967,0.04938
2025-10-08,1.0261,1.2942,0.04892
2025-10-09,1.0257,1.2991,0.04886
2025-10-10,1.0200,1.2969,0.04874
2025-10-13,1.0200,1.2993,0.04888
2025-10-14,1.0220,1.3000,0.04907
2025-10-15,1.0229,1.3000,0.04885
2025-10-16,1.0200,1.2919,0.04910
2025-10-17,1.0200,1.2959,0.04861
2025-10-20,1.0200,1.2958,0.04809
2025-10-21,1.0231,1.2913,0.04830
2025-10-22,1.0211,1.2948,0.04835
2025-10-23,1.0240,1.2947,0.04840
2025-10-24,1.0200,1.2998,0.04814
2025-10-27,1.0200,1.3000,0.04830
2025-10-28,1.0221,1.3000,0.04869
2025-10-29,1.0200,1.3000,0.04894
2025-10-30,1.0210,1.3000,0.04858
2025-10-31,1.0200,1.3000,0.04870
2025-11-03,1.0200,1.3000,0.04902
2025-11-04,1.0200,1.3000,0.04900
2025-11-05,1.0200,1.2967,0.04868
2025-11-06,1.0200,1.2969,0.04837
2025-11-07,1.0274,1.3000,0.04887
2025-11-10,1.0269,1.3000,0.04901
2025-11-11,1.0255,1.2965,0.04895
2025-11-12,1.0233,1.2966,0.04891
2025-11-13,1.0303,1.3000,0.04939
2025-11-14,1.0303,1.3000,0.04917
2025-11-17,1.0287,1.2922,0.04904
2025-11-18,1.0384,1.2975,0.04857
2025-11-19,1.0366,1.2985,0.04841
2025-11-20,1.0335,1.3000,0.04859
2025-11-21,1.0345,1.3000,0.04877
2025-11-24,1.0335,1.2964,0.04902
2025-11-25,1.0344,1.2972,0.04942
2025-11-26,1.0349,1.2944,0.04928
2025-11-27,1.0310,1.2916,0.04961
2025-11-28,1.0251,1.2923,0.04970
2025-12-01,1.0200,1.2981,0.04977
2025-12-02,1.0214,1.2999,0.04973
2025-12-03,1.0211,1.2986,0.04995
2025-12-04,1.0217,1.2970,0.05006
2025-12-05,1.0200,1.3000,0.05002
2025-12-08,1.0216,1.2984,0.04991
2025-12-09,1.0245,1.3000,0.05007
2025-12-10,1.0283,1.3000,0.04988
2025-12-11,1.0264,1.2933,0.04994
2025-12-12,1.0254,1.2969,0.05028
2025-12-15,1.0282,1.3000,0.05036
2025-12-16,1.0377,1.2978,0.05026
2025-12-17,1.0376,1.2987,0.05055
2025-12-18,1.0352,1.2975,0.05098
2025-12-19,1.0330,1.2966,0.05094
2025-12-22,1.0315,1.2972,0.05093
2025-12-23,1.0309,1.2908,0.05096
2025-12-24,1.0320,1.2859,0.05096
2025-12-25,1.0365,1.2893,0.05113
2025-12-26,1.0345,1.2903,0.05146
2025-12-29,1.0373,1.2927,0.05151
2025-12-30,1.0371,1.2866,0.05160
2025-12-31,1.0347,1.2918,0.05205
