month,part_number,plan_cycle,good_units_required,planning_note
2026-01,SP-40,2025-10,42300,
2026-02,SP-40,2025-10,40900,
2026-03,SP-40,2025-10,46000,
2026-04,SP-40,2025-10,45200,
2026-05,SP-40,2025-10,47200,
2026-06,SP-40,2025-10,46400,
2026-07,SP-40,2025-10,41400,
2026-08,SP-40,2025-10,39700,
2026-09,SP-40,2025-10,46700,
2026-10,SP-40,2025-10,48300,
2026-11,SP-40,2025-10,47500,
2026-12,SP-40,2025-10,47000,
TOTAL,SP-40,2025-10,538600,Sum of the twelve SP-40 rows of cycle 2025-10 above
2026-01,SP-22,2025-10,18300,
2026-02,SP-22,2025-10,17400,
2026-03,SP-22,2025-10,19200,
2026-04,SP-22,2025-10,19700,
2026-05,SP-22,2025-10,19000,
2026-06,SP-22,2025-10,17700,
2026-07,SP-22,2025-10,16400,
2026-08,SP-22,2025-10,16800,
2026-09,SP-22,2025-10,19400,
2026-10,SP-22,2025-10,20000,
2026-11,SP-22,2025-10,18600,
2026-12,SP-22,2025-10,17400,
TOTAL,SP-22,2025-10,219900,Sum of the twelve SP-22 rows of cycle 2025-10 above
2026-01,SP-40,2025-11,38200,
2026-02,SP-40,2025-11,36900,
2026-03,SP-40,2025-11,41500,
2026-04,SP-40,2025-11,40800,
2026-05,SP-40,2025-11,42600,
2026-06,SP-40,2025-11,41900,
2026-07,SP-40,2025-11,37400,
2026-08,SP-40,2025-11,35800,
2026-09,SP-40,2025-11,42100,
2026-10,SP-40,2025-11,43600,
2026-11,SP-40,2025-11,42900,
2026-12,SP-40,2025-11,42300,
TOTAL,SP-40,2025-11,486000,Sum of the twelve SP-40 rows of cycle 2025-11 above
2026-01,SP-22,2025-11,17800,
2026-02,SP-22,2025-11,16900,
2026-03,SP-22,2025-11,18600,
2026-04,SP-22,2025-11,19100,
2026-05,SP-22,2025-11,18400,
2026-06,SP-22,2025-11,17200,
2026-07,SP-22,2025-11,15900,
2026-08,SP-22,2025-11,16300,
2026-09,SP-22,2025-11,18800,
2026-10,SP-22,2025-11,19400,
2026-11,SP-22,2025-11,18100,
2026-12,SP-22,2025-11,16900,
TOTAL,SP-22,2025-11,213400,Sum of the twelve SP-22 rows of cycle 2025-11 above
