receipt_id,po_id,lot_id,receipt_date,qty_received_pieces
GR-771001,PO-45101,LOT-8842037,2025-02-05,2426
GR-771002,PO-45101,LOT-8842057,2025-02-11,2513
GR-771003,PO-45101,LOT-8842013,2025-02-05,2998
GR-771004,PO-45102,LOT-8842053,2025-02-24,2614
GR-771005,PO-45102,LOT-8842012,2025-02-20,2674
GR-771006,PO-45102,LOT-8842031,2025-03-09,3019
GR-771007,PO-45102,LOT-8842007,2025-03-05,3603
GR-771008,PO-45102,LOT-8842039,2025-03-08,3815
GR-771009,PO-45103,LOT-8842026,2025-03-03,3462
GR-771010,PO-45103,LOT-8842028,2025-02-27,3187
GR-771011,PO-45103,LOT-8842024,2025-02-25,3610
GR-771012,PO-45103,LOT-8842040,2025-03-03,2420
GR-771013,PO-45104,LOT-8842025,2025-03-10,2366
GR-771014,PO-45104,LOT-8842002,2025-03-22,2270
GR-771015,PO-45104,LOT-8842020,2025-03-15,3906
GR-771016,PO-45104,LOT-8842051,2025-02-27,3232
GR-771017,PO-45105,LOT-8842016,2025-04-01,3303
GR-771018,PO-45105,LOT-8842032,2025-03-29,3796
GR-771019,PO-45105,LOT-8842010,2025-04-08,2403
GR-771020,PO-45106,LOT-8842033,2025-04-23,3353
GR-771021,PO-45106,LOT-8842049,2025-05-03,2507
GR-771022,PO-45106,LOT-8842014,2025-04-30,2901
GR-771023,PO-45106,LOT-8842003,2025-04-11,3119
GR-771024,PO-45107,LOT-8842019,2025-05-05,2362
GR-771025,PO-45107,LOT-8842046,2025-05-02,3876
GR-771026,PO-45107,LOT-8842004,2025-05-07,3420
GR-771027,PO-45107,LOT-8842043,2025-05-04,2272
GR-771028,PO-45107,LOT-8842006,2025-04-24,3275
GR-771029,PO-45108,LOT-8842059,2025-05-03,2038
GR-771030,PO-45108,LOT-8842035,2025-05-30,3419
GR-771031,PO-45108,LOT-8842018,2025-04-24,3551
GR-771032,PO-45108,LOT-8842029,2025-05-05,3195
GR-771033,PO-45108,LOT-8842011,2025-05-24,2830
GR-771034,PO-45109,LOT-8842055,2025-05-13,2921
GR-771035,PO-45109,LOT-8842034,2025-05-28,3623
GR-771036,PO-45109,LOT-8842022,2025-05-15,3635
GR-771037,PO-45109,LOT-8842060,2025-05-27,2805
GR-771038,PO-45109,LOT-8842015,2025-06-02,2576
GR-771039,PO-45110,LOT-8842036,2025-06-25,2602
GR-771040,PO-45110,LOT-8842042,2025-05-29,3896
GR-771041,PO-45110,LOT-8842047,2025-05-18,3951
GR-771042,PO-45110,LOT-8842027,2025-05-19,2240
GR-771043,PO-45111,LOT-8842050,2025-06-16,2348
GR-771044,PO-45111,LOT-8842052,2025-06-01,2211
GR-771045,PO-45111,LOT-8842038,2025-06-04,3885
GR-771046,4500118524,LOT-8842021,2025-07-04,2975
GR-771047,PO-45112,LOT-8842009,2025-06-13,2817
GR-771048,PO-45112,LOT-8842045,2025-06-26,2699
GR-771049,PO-45112,LOT-8842023,2025-06-14,3306
GR-771050,4500118533,LOT-8842017,2025-07-20,3062
GR-771051,4500118535,LOT-8842044,2025-07-11,2961
GR-771052,4500118535,LOT-8842001,2025-07-26,3635
GR-771053,4500118535,LOT-8842041,2025-07-06,3030
GR-771054,4500118535,LOT-8842056,2025-08-01,2004
GR-771055,4500118535,LOT-8842030,2025-07-25,3120
GR-771056,4500118537,LOT-8842054,2025-08-04,2651
GR-771057,4500118537,LOT-8842048,2025-07-27,2680
GR-771058,4500118537,LOT-8842005,2025-07-22,2774
GR-771059,4500118537,LOT-8842058,2025-08-06,2156
GR-771060,4500118537,LOT-8842008,2025-08-09,3702
GR-771061,PO-45115,LOT-8842114,2025-02-09,2700
GR-771062,PO-45115,LOT-8842062,2025-02-24,3600
GR-771063,PO-45115,LOT-8842068,2025-02-25,3100
GR-771064,PO-45116,LOT-8842105,2025-03-07,2600
GR-771065,PO-45116,LOT-8842066,2025-02-25,3100
GR-771066,PO-45116,LOT-8842091,2025-03-04,2600
GR-771067,PO-45116,LOT-8842117,2025-02-05,2300
GR-771068,PO-45117,LOT-8842116,2025-03-13,2900
GR-771069,PO-45117,LOT-8842107,2025-03-03,2900
GR-771070,PO-45117,LOT-8842099,2025-03-09,2700
GR-771071,PO-45117,LOT-8842110,2025-03-04,2000
GR-771072,PO-45118,LOT-8842101,2025-04-09,3300
GR-771073,PO-45118,LOT-8842113,2025-04-01,3200
GR-771074,PO-45118,LOT-8842061,2025-03-06,2800
GR-771075,PO-45118,LOT-8842095,2025-03-31,2500
GR-771076,PO-45119,LOT-8842067,2025-04-24,4100
GR-771077,PO-45119,LOT-8842097,2025-04-05,2700
GR-771078,PO-45119,LOT-8842081,2025-04-03,3900
GR-771079,PO-45119,LOT-8842088,2025-04-11,3200
GR-771080,PO-45119,LOT-8842096,2025-03-25,3000
GR-771081,PO-45120,LOT-8842100,2025-05-05,2900
GR-771082,PO-45120,LOT-8842106,2025-04-17,3700
GR-771083,PO-45120,LOT-8842086,2025-04-12,3800
GR-771084,PO-45120,LOT-8842064,2025-04-30,3400
GR-771085,PO-45121,LOT-8842072,2025-05-09,2900
GR-771086,PO-45121,LOT-8842075,2025-04-11,3500
GR-771087,PO-45121,LOT-8842076,2025-04-22,4000
GR-771088,PO-45122,LOT-8842094,2025-04-26,3900
GR-771089,PO-45122,LOT-8842071,2025-05-21,3400
GR-771090,PO-45122,LOT-8842118,2025-04-25,2000
GR-771091,PO-45122,LOT-8842074,2025-05-15,2500
GR-771092,PO-45123,LOT-8842085,2025-05-30,4000
GR-771093,PO-45123,LOT-8842077,2025-06-05,3200
GR-771094,PO-45123,LOT-8842111,2025-06-02,2200
GR-771095,PO-45123,LOT-8842079,2025-05-20,3400
GR-771096,PO-45124,LOT-8842083,2025-06-17,2600
GR-771097,PO-45124,LOT-8842078,2025-06-10,3000
GR-771098,PO-45124,LOT-8842087,2025-06-20,2400
GR-771099,4500118586,LOT-8842104,2025-07-07,3800
GR-771100,4500118586,LOT-8842112,2025-07-12,2000
GR-771101,PO-45125,LOT-8842115,2025-06-30,2900
GR-771102,PO-45125,LOT-8842098,2025-06-24,3500
GR-771103,PO-45125,LOT-8842108,2025-06-14,2500
GR-771104,4500118593,LOT-8842089,2025-07-14,2900
GR-771105,4500118593,LOT-8842082,2025-07-07,3300
GR-771106,PO-45126,LOT-8842070,2025-06-21,4100
GR-771107,4500118593,LOT-8842080,2025-07-22,2800
GR-771108,4500118594,LOT-8842103,2025-07-19,2800
GR-771109,4500118594,LOT-8842109,2025-08-01,2400
GR-771110,4500118594,LOT-8842090,2025-07-25,3300
GR-771111,4500118594,LOT-8842069,2025-07-28,3500
GR-771112,4500118596,LOT-8842063,2025-08-05,2700
GR-771113,4500118596,LOT-8842065,2025-08-14,3100
GR-771114,4500118596,LOT-8842073,2025-08-11,2400
GR-771115,4500118596,LOT-8842084,2025-08-07,2400
GR-771116,4500118604,LOT-8842102,2025-08-06,3400
GR-771117,4500118604,LOT-8842092,2025-07-29,2400
GR-771118,4500118604,LOT-8842093,2025-08-04,3800
GR-771119,PO-45130,LOT-8842157,2025-02-20,3402
GR-771120,PO-45130,LOT-8842127,2025-01-29,3731
GR-771121,PO-45130,LOT-8842128,2025-01-27,3759
GR-771122,PO-45130,LOT-8842120,2025-02-07,3739
GR-771123,PO-45130,LOT-8842153,2025-01-30,2675
GR-771124,PO-45131,LOT-8842145,2025-03-16,3428
GR-771125,PO-45131,LOT-8842177,2025-02-11,3392
GR-771126,PO-45131,LOT-8842168,2025-02-12,2193
GR-771127,PO-45131,LOT-8842137,2025-03-04,2887
GR-771128,PO-45131,LOT-8842141,2025-03-17,3157
GR-771129,PO-45132,LOT-8842178,2025-03-30,3254
GR-771130,PO-45132,LOT-8842134,2025-02-28,3337
GR-771131,PO-45132,LOT-8842171,2025-03-12,2999
GR-771132,PO-45133,LOT-8842129,2025-03-21,3127
GR-771133,PO-45133,LOT-8842167,2025-04-03,3172
GR-771134,PO-45133,LOT-8842142,2025-04-11,2238
GR-771135,PO-45133,LOT-8842130,2025-03-12,2227
GR-771136,PO-45134,LOT-8842148,2025-03-28,3196
GR-771137,PO-45134,LOT-8842163,2025-04-20,2238
GR-771138,PO-45134,LOT-8842131,2025-04-28,3242
GR-771139,PO-45134,LOT-8842121,2025-04-06,2365
GR-771140,PO-45135,LOT-8842147,2025-04-23,2548
GR-771141,PO-45135,LOT-8842135,2025-05-07,3594
GR-771142,PO-45135,LOT-8842165,2025-05-09,3305
GR-771143,PO-45135,LOT-8842164,2025-05-07,2993
GR-771144,PO-45136,LOT-8842150,2025-05-12,3674
GR-771145,PO-45136,LOT-8842160,2025-04-25,3285
GR-771146,PO-45136,LOT-8842170,2025-05-06,1997
GR-771147,PO-45136,LOT-8842119,2025-05-14,3794
GR-771148,PO-45137,LOT-8842140,2025-05-24,3402
GR-771149,PO-45137,LOT-8842123,2025-05-07,3416
GR-771150,PO-45137,LOT-8842132,2025-05-03,2972
GR-771151,PO-45137,LOT-8842149,2025-05-25,2957
GR-771152,PO-45138,LOT-8842133,2025-06-10,2180
GR-771153,PO-45138,LOT-8842138,2025-06-12,2481
GR-771154,PO-45138,LOT-8842176,2025-06-18,3182
GR-771155,PO-45139,LOT-8842126,2025-06-16,3606
GR-771156,PO-45139,LOT-8842124,2025-06-04,2302
GR-771157,PO-45139,LOT-8842161,2025-06-01,2417
GR-771158,PO-45139,LOT-8842162,2025-06-16,3165
GR-771159,PO-45139,LOT-8842146,2025-06-11,2183
GR-771160,PO-45140,LOT-8842154,2025-06-21,2702
GR-771161,4500118672,LOT-8842179,2025-07-01,3119
GR-771162,4500118672,LOT-8842172,2025-07-06,2664
GR-771163,PO-45140,LOT-8842139,2025-06-16,3470
GR-771164,4500118678,LOT-8842125,2025-07-25,2987
GR-771165,4500118678,LOT-8842181,2025-07-26,2876
GR-771166,4500118678,LOT-8842173,2025-07-04,2663
GR-771167,4500118681,LOT-8842152,2025-08-04,3298
GR-771168,4500118681,LOT-8842174,2025-07-17,2395
GR-771169,4500118681,LOT-8842158,2025-07-13,2890
GR-771170,4500118681,LOT-8842136,2025-07-16,3748
GR-771171,4500118687,LOT-8842151,2025-07-30,2896
GR-771172,4500118687,LOT-8842166,2025-07-31,2422
GR-771173,4500118687,LOT-8842159,2025-08-22,2467
GR-771174,4500118687,LOT-8842143,2025-08-04,2846
GR-771175,4500118691,LOT-8842175,2025-08-05,3131
GR-771176,4500118691,LOT-8842122,2025-07-31,3769
GR-771177,4500118691,LOT-8842156,2025-08-08,3071
GR-771178,4500118691,LOT-8842155,2025-08-30,3189
GR-771179,4500118700,LOT-8842144,2025-08-26,3763
GR-771180,4500118700,LOT-8842169,2025-08-21,2962
GR-771181,4500118700,LOT-8842180,2025-09-11,3461
GR-771182,PO-45146,LOT-8842230,2025-02-16,3217
GR-771183,PO-45146,LOT-8842198,2025-02-22,2943
GR-771184,PO-45146,LOT-8842225,2025-01-28,2054
GR-771185,PO-45147,LOT-8842220,2025-03-09,2804
GR-771186,PO-45147,LOT-8842183,2025-02-07,2144
GR-771187,PO-45147,LOT-8842227,2025-02-22,3501
GR-771188,PO-45147,LOT-8842187,2025-02-04,2323
GR-771189,PO-45148,LOT-8842231,2025-02-23,3404
GR-771190,PO-45148,LOT-8842221,2025-02-15,2832
GR-771191,PO-45148,LOT-8842210,2025-02-24,2850
GR-771192,PO-45148,LOT-8842190,2025-03-13,2329
GR-771193,PO-45148,LOT-8842202,2025-03-20,3182
GR-771194,PO-45149,LOT-8842192,2025-04-02,3064
GR-771195,PO-45149,LOT-8842218,2025-03-01,2976
GR-771196,PO-45149,LOT-8842219,2025-03-09,3143
GR-771197,PO-45150,LOT-8842224,2025-03-25,3336
GR-771198,PO-45150,LOT-8842184,2025-04-09,3438
GR-771199,PO-45150,LOT-8842200,2025-03-18,3122
GR-771200,PO-45150,LOT-8842222,2025-04-20,3530
GR-771201,PO-45150,LOT-8842223,2025-03-18,2178
GR-771202,PO-45151,LOT-8842240,2025-04-11,2102
GR-771203,PO-45151,LOT-8842211,2025-04-29,3415
GR-771204,PO-45151,LOT-8842189,2025-04-08,3335
GR-771205,PO-45151,LOT-8842201,2025-04-10,3580
GR-771206,PO-45151,LOT-8842239,2025-04-04,2617
GR-771207,PO-45152,LOT-8842233,2025-05-12,2323
GR-771208,PO-45152,LOT-8842203,2025-05-11,3206
GR-771209,PO-45152,LOT-8842213,2025-04-13,2426
GR-771210,PO-45152,LOT-8842193,2025-05-07,2493
GR-771211,PO-45153,LOT-8842232,2025-05-08,3409
GR-771212,PO-45153,LOT-8842237,2025-04-24,2391
GR-771213,PO-45153,LOT-8842204,2025-05-02,3397
GR-771214,PO-45153,LOT-8842235,2025-05-13,2470
GR-771215,PO-45154,LOT-8842206,2025-06-02,3516
GR-771216,PO-45154,LOT-8842194,2025-05-27,3323
GR-771217,PO-45154,LOT-8842208,2025-05-08,2419
GR-771218,PO-45154,LOT-8842238,2025-06-06,2875
GR-771219,PO-45154,LOT-8842197,2025-05-21,2518
GR-771220,PO-45155,LOT-8842182,2025-05-20,3489
GR-771221,PO-45155,LOT-8842216,2025-06-26,3374
GR-771222,PO-45155,LOT-8842241,2025-06-02,2423
GR-771223,PO-45155,LOT-8842234,2025-06-09,3331
GR-771224,PO-45156,LOT-8842228,2025-06-22,3311
GR-771225,4500118766,LOT-8842226,2025-07-03,2380
GR-771226,PO-45156,LOT-8842207,2025-06-15,3591
GR-771227,PO-45156,LOT-8842242,2025-06-19,2639
GR-771228,4500118773,LOT-8842185,2025-07-13,2909
GR-771229,4500118773,LOT-8842215,2025-07-01,3533
GR-771230,PO-45157,LOT-8842229,2025-06-24,3261
GR-771231,4500118773,LOT-8842212,2025-07-04,3416
GR-771232,4500118781,LOT-8842205,2025-07-13,2805
GR-771233,PO-45158,LOT-8842188,2025-06-25,3558
GR-771234,4500118781,LOT-8842217,2025-07-19,2680
GR-771235,4500118781,LOT-8842236,2025-07-03,3420
GR-771236,4500118782,LOT-8842191,2025-07-16,3699
GR-771237,4500118782,LOT-8842214,2025-07-07,2047
GR-771238,4500118782,LOT-8842186,2025-08-05,3373
GR-771239,4500118782,LOT-8842195,2025-07-26,2129
GR-771240,4500118782,LOT-8842196,2025-07-14,3500
GR-771241,4500118788,LOT-8842199,2025-08-02,3345
GR-771242,4500118788,LOT-8842209,2025-08-01,3602
GR-771243,PO-45161,LOT-8842245,2025-02-09,2418
GR-771244,PO-45161,LOT-8842250,2025-02-13,2371
GR-771245,PO-45161,LOT-8842246,2025-02-10,2587
GR-771246,PO-45161,LOT-8842248,2025-02-05,2248
GR-771247,PO-45161,LOT-8842249,2025-02-05,2593
GR-771248,PO-45162,LOT-8842244,2025-02-28,2051
GR-771249,PO-45162,LOT-8842252,2025-02-09,2931
GR-771250,PO-45162,LOT-8842251,2025-02-15,3069
GR-771251,PO-45163,LOT-8842243,2025-02-23,1914
GR-771252,PO-45163,LOT-8842247,2025-03-05,1818
