mart_po_id,erp_po_number
PO-45101,4500118553
PO-45102,4500118556
PO-45103,4500118563
PO-45104,4500118567
PO-45105,4500118571
PO-45106,4500118574
PO-45107,4500118579
PO-45108,4500118585
PO-45109,4500118592
PO-45110,4500118596
PO-45111,4500118601
PO-45112,4500118607
PO-45113,4500118614
PO-45114,4500118617
PO-45115,4500118626
PO-45116,4500118627
PO-45117,4500118629
PO-45118,4500118634
PO-45119,4500118641
PO-45120,4500118647
PO-45121,4500118653
PO-45122,4500118661
PO-45123,4500118666
PO-45124,4500118673
PO-45125,4500118679
PO-45126,4500118683
PO-45127,4500118685
PO-45128,4500118687
PO-45129,4500118691
PO-45130,4500118699
PO-45131,4500118703
PO-45132,4500118706
PO-45133,4500118708
PO-45134,4500118715
PO-45135,4500118716
PO-45136,4500118725
PO-45137,4500118729
PO-45138,4500118733
PO-45139,4500118738
PO-45140,4500118741
PO-45141,4500118748
PO-45142,4500118753
PO-45143,4500118755
PO-45144,4500118763
PO-45145,4500118769
PO-45146,4500118778
PO-45147,4500118780
PO-45148,4500118789
PO-45149,4500118798
PO-45150,4500118801
PO-45151,4500118804
PO-45152,4500118808
PO-45153,4500118815
PO-45154,4500118817
PO-45155,4500118819
PO-45156,4500118827
PO-45157,4500118835
PO-45158,4500118841
PO-45159,4500118846
PO-45160,4500118852
PO-45161,4500118859
PO-45162,4500118866
PO-45163,4500118872
PO-45164,4500118876
PO-45165,4500118878
PO-45166,4500118881
PO-45167,4500118882
PO-45168,4500118889
PO-45169,4500118893
PO-45170,4500118895
PO-45171,4500118900
PO-45172,4500118905
PO-45173,4500118909
PO-45174,4500118911
PO-45175,4500118914
PO-45176,4500118916
PO-45177,4500118924
PO-45178,4500118926
