mart_po_id,erp_po_number,buyer,cost_center,commodity_code,payment_terms_text
PO-45101,4500118469,R. Castellanos,CC-4410,COM-STL-VS,Net 60
PO-45102,4500118471,T. Okonkwo,CC-4410,COM-STL-VS,Net 60
PO-45103,4500118475,R. Castellanos,CC-4415,COM-STL-VS,Net 30
PO-45104,4500118481,T. Okonkwo,CC-4410,COM-STL-VS,Net 30
PO-45105,4500118489,R. Castellanos,CC-4415,COM-STL-VS,Net 45
PO-45106,4500118493,R. Castellanos,CC-4415,COM-STL-VS,Net 45
PO-45107,4500118496,R. Castellanos,CC-4410,COM-STL-VS,Net 45
PO-45108,4500118505,R. Castellanos,CC-4415,COM-STL-VS,Net 30
PO-45109,4500118514,A. Whitfield,CC-4415,COM-STL-VS,Net 45
PO-45110,4500118522,A. Whitfield,CC-4410,COM-STL-VS,Net 60
PO-45111,4500118524,T. Okonkwo,CC-4415,COM-STL-VS,Net 60
PO-45112,4500118533,R. Castellanos,CC-4415,COM-STL-VS,Net 60
PO-45113,4500118535,T. Okonkwo,CC-4410,COM-STL-VS,Net 60
PO-45114,4500118537,T. Okonkwo,CC-4410,COM-STL-VS,Net 30
PO-45115,4500118544,T. Okonkwo,CC-4415,COM-STL-VS,Net 45
PO-45116,4500118550,A. Whitfield,CC-4410,COM-STL-VS,Net 60
PO-45117,4500118552,A. Whitfield,CC-4415,COM-STL-VS,Net 60
PO-45118,4500118560,R. Castellanos,CC-4415,COM-STL-VS,Net 60
PO-45119,4500118564,R. Castellanos,CC-4415,COM-STL-VS,Net 45
PO-45120,4500118565,R. Castellanos,CC-4415,COM-STL-VS,Net 45
PO-45121,4500118566,R. Castellanos,CC-4410,COM-STL-VS,Net 30
PO-45122,4500118572,A. Whitfield,CC-4410,COM-STL-VS,Net 30
PO-45123,4500118580,T. Okonkwo,CC-4410,COM-STL-VS,Net 60
PO-45124,4500118582,R. Castellanos,CC-4410,COM-STL-VS,Net 30
PO-45125,4500118586,A. Whitfield,CC-4410,COM-STL-VS,Net 45
PO-45126,4500118593,A. Whitfield,CC-4415,COM-STL-VS,Net 45
PO-45127,4500118594,A. Whitfield,CC-4410,COM-STL-VS,Net 60
PO-45128,4500118596,T. Okonkwo,CC-4410,COM-STL-VS,Net 30
PO-45129,4500118604,R. Castellanos,CC-4415,COM-STL-VS,Net 30
PO-45130,4500118611,R. Castellanos,CC-4415,COM-STL-VS,Net 60
PO-45131,4500118613,R. Castellanos,CC-4415,COM-STL-VS,Net 30
PO-45132,4500118614,A. Whitfield,CC-4410,COM-STL-VS,Net 45
PO-45133,4500118622,A. Whitfield,CC-4410,COM-STL-VS,Net 60
PO-45134,4500118627,T. Okonkwo,CC-4410,COM-STL-VS,Net 30
PO-45135,4500118633,R. Castellanos,CC-4410,COM-STL-VS,Net 60
PO-45136,4500118641,R. Castellanos,CC-4415,COM-STL-VS,Net 30
PO-45137,4500118650,T. Okonkwo,CC-4410,COM-STL-VS,Net 30
PO-45138,4500118658,R. Castellanos,CC-4415,COM-STL-VS,Net 45
PO-45139,4500118666,T. Okonkwo,CC-4415,COM-STL-VS,Net 60
PO-45140,4500118672,R. Castellanos,CC-4410,COM-STL-VS,Net 45
PO-45141,4500118678,T. Okonkwo,CC-4410,COM-STL-VS,Net 60
PO-45142,4500118681,A. Whitfield,CC-4410,COM-STL-VS,Net 60
PO-45143,4500118687,A. Whitfield,CC-4415,COM-STL-VS,Net 30
PO-45144,4500118691,T. Okonkwo,CC-4410,COM-STL-VS,Net 45
PO-45145,4500118700,R. Castellanos,CC-4410,COM-STL-VS,Net 45
PO-45146,4500118709,T. Okonkwo,CC-4410,COM-STL-VS,Net 45
PO-45147,4500118717,A. Whitfield,CC-4415,COM-STL-VS,Net 60
PO-45148,4500118721,A. Whitfield,CC-4415,COM-STL-VS,Net 30
PO-45149,4500118729,T. Okonkwo,CC-4410,COM-STL-VS,Net 30
PO-45150,4500118737,R. Castellanos,CC-4415,COM-STL-VS,Net 45
PO-45151,4500118741,T. Okonkwo,CC-4415,COM-STL-VS,Net 60
PO-45152,4500118745,T. Okonkwo,CC-4410,COM-STL-VS,Net 45
PO-45153,4500118754,T. Okonkwo,CC-4410,COM-STL-VS,Net 60
PO-45154,4500118758,T. Okonkwo,CC-4410,COM-STL-VS,Net 60
PO-45155,4500118762,A. Whitfield,CC-4410,COM-STL-VS,Net 60
PO-45156,4500118766,R. Castellanos,CC-4410,COM-STL-VS,Net 30
PO-45157,4500118773,A. Whitfield,CC-4415,COM-STL-VS,Net 45
PO-45158,4500118781,R. Castellanos,CC-4410,COM-STL-VS,Net 30
PO-45159,4500118782,A. Whitfield,CC-4410,COM-STL-VS,Net 45
PO-45160,4500118788,A. Whitfield,CC-4410,COM-STL-VS,Net 45
PO-45161,4500118795,A. Whitfield,CC-4410,COM-STL-VS,Net 60
PO-45162,4500118802,R. Castellanos,CC-4410,COM-STL-VS,Net 30
PO-45163,4500118804,A. Whitfield,CC-4415,COM-STL-VS,Net 60
PO-45164,4500118811,T. Okonkwo,CC-4410,COM-STL-VS,Net 60
PO-45165,4500118819,R. Castellanos,CC-4415,COM-STL-VS,Net 30
PO-45166,4500118824,A. Whitfield,CC-4410,COM-STL-VS,Net 60
PO-45167,4500118829,T. Okonkwo,CC-4415,COM-STL-VS,Net 30
PO-45168,4500118833,R. Castellanos,CC-4415,COM-STL-VS,Net 45
PO-45169,4500118840,A. Whitfield,CC-4410,COM-STL-VS,Net 60
PO-45170,4500118844,A. Whitfield,CC-4415,COM-STL-VS,Net 60
PO-45171,4500118848,A. Whitfield,CC-4415,COM-STL-VS,Net 30
PO-45172,4500118856,A. Whitfield,CC-4415,COM-STL-VS,Net 60
PO-45173,4500118863,R. Castellanos,CC-4415,COM-STL-VS,Net 60
PO-45174,4500118865,T. Okonkwo,CC-4410,COM-STL-VS,Net 30
PO-45175,4500118869,T. Okonkwo,CC-4415,COM-STL-VS,Net 45
PO-45176,4500118871,T. Okonkwo,CC-4415,COM-STL-VS,Net 45
PO-45177,4500118880,T. Okonkwo,CC-4410,COM-STL-VS,Net 60
PO-45178,4500118885,R. Castellanos,CC-4415,COM-STL-VS,Net 45
