po_id,part_number,supplier_name,order_date,promised_date,currency,unit_price,uom,qty_ordered,status
PO-45101,SP-40,Meridian Precision Works LLC,2025-01-06,02-Feb-2025,USD,1.9120,PIECE,7937,CLOSED
PO-45102,SP-40,MERIDIAN PRECISION WORKS,2025-01-19,2025/02/27,USD,1.9120,PIECE,15725,CLOSED
PO-45103,SP-40,Meridian Precision Works LLC,31-Jan-2025,2025/02/28,USD,1.9120,PIECE,12679,CLOSED
PO-45104,SP-40,Meridian Precision Works LLC,2025-02-11,06-Mar-2025,USD,1.9120,PIECE,11774,CLOSED
PO-45105,SP-40,MERIDIAN PRECISION WORKS,Feb 20, 2025,Apr 06, 2025,USD,1.9120,PIECE,9502,CLOSED
PO-45106,SP-40,MERIDIAN PRECISION WORKS,2025-03-09,2025-04-11,USD,1.9120,PIECE,11880,CLOSED
PO-45107,SP-40,Meridian Prec. Works,2025/03/25,May 03, 2025,USD,1.9120,PIECE,15205,CLOSED
PO-45108,SP-40,"Meridian Precision Works, LLC",2025-04-08,22-May-2025,USD,1.9120,PIECE,15033,CLOSED
PO-45109,SP-40,Meridian Precision Works LLC,21-Apr-2025,Jun 09, 2025,USD,1.9120,PIECE,15560,CLOSED
PO-45110,SP-40,Meridian Prec. Works,2025/05/01,Jun 06, 2025,USD,1.9120,PIECE,12689,CLOSED
PO-45111,SP-40,"Meridian Precision Works, LLC",May 13, 2025,2025-06-10,USD,1.9120,PIECE,11419,CLOSED
PO-45112,SP-40,MERIDIAN PRECISION WORKS,2025-05-28,13-Jul-2025,USD,1.9120,PIECE,11884,CLOSED
PO-45113,SP-40,MERIDIAN PRECISION WORKS,2025-06-07,Jul 02, 2025,USD,1.9120,PIECE,14750,CLOSED
PO-45114,SP-40,"Meridian Precision Works, LLC",2025-06-17,15-Jul-2025,USD,1.9120,PIECE,13963,CLOSED
PO-45115,SP-40,Rheinwerk Feinmechanik G.m.b.H.,Jan 06, 2025,Feb 16, 2025,EUR,174.5000,BOX100,94,CLOSED
PO-45116,SP-40,RHEINWERK FEINMECHANIK GMBH,2025-01-17,2025/02/09,EUR,174.5000,BOX100,106,CLOSED
PO-45117,SP-40,Rheinwerk Feinmechanik,31-Jan-2025,2025-03-02,EUR,174.5000,BOX100,105,CLOSED
PO-45118,SP-40,Rheinwerk Feinmechanik G.m.b.H.,Feb 17, 2025,19-Mar-2025,EUR,174.5000,BOX100,118,CLOSED
PO-45119,SP-40,Rheinwerk Feinmechanik,2025/03/04,11-Apr-2025,EUR,174.5000,BOX100,169,CLOSED
PO-45120,SP-40,Rheinwerk Feinmechanik G.m.b.H.,Mar 14, 2025,2025-04-15,EUR,174.5000,BOX100,138,CLOSED
PO-45121,SP-40,Rheinwerk Feinmechanik G.m.b.H.,24-Mar-2025,May 13, 2025,EUR,174.5000,BOX100,104,CLOSED
PO-45122,SP-40,RHEINWERK FEINMECHANIK GMBH,08-Apr-2025,01-May-2025,EUR,174.5000,BOX100,118,CLOSED
PO-45123,SP-40,Rheinwerk Feinmechanik GmbH,2025-04-23,Jun 12, 2025,EUR,174.5000,BOX100,128,CLOSED
PO-45124,SP-40,Rheinwerk Feinmechanik G.m.b.H.,2025/05/07,2025/06/23,EUR,174.5000,BOX100,80,CLOSED
PO-45125,SP-40,Rheinwerk Feinmechanik,2025-05-23,13-Jun-2025,EUR,174.5000,BOX100,147,CLOSED
PO-45126,SP-40,Rheinwerk Feinmechanik GmbH,Jun 01, 2025,2025/06/29,EUR,174.5000,BOX100,131,CLOSED
PO-45127,SP-40,Rheinwerk Feinmechanik GmbH,Jun 10, 2025,2025/08/01,EUR,174.5000,BOX100,120,CLOSED
PO-45128,SP-40,Rheinwerk Feinmechanik,2025/06/20,Jul 21, 2025,EUR,174.5000,BOX100,106,CLOSED
PO-45129,SP-40,Rheinwerk Feinmechanik,2025/07/01,2025-08-05,EUR,174.5000,BOX100,96,CLOSED
PO-45130,SP-40,"Talleres Nortenos, S.A. de C.V.",2025/01/06,Feb 01, 2025,MXN,33.9000,PIECE,17306,CLOSED
PO-45131,SP-40,Talleres Nortenos SA de CV,2025/01/22,Feb 19, 2025,MXN,33.9000,PIECE,15057,CLOSED
PO-45132,SP-40,Talleres Nortenos S.A. de C.V.,Feb 03, 2025,Feb 24, 2025,MXN,33.9000,PIECE,9590,CLOSED
PO-45133,SP-40,TALLERES NORTENOS,18-Feb-2025,Apr 10, 2025,MXN,33.9000,PIECE,10764,CLOSED
PO-45134,SP-40,TALLERES NORTENOS,2025/03/07,2025-04-08,MXN,33.9000,PIECE,11041,CLOSED
PO-45135,SP-40,TALLERES NORTENOS,2025-03-20,Apr 19, 2025,MXN,33.9000,PIECE,12440,CLOSED
PO-45136,SP-40,Talleres Nortenos SA de CV,2025/03/29,Apr 23, 2025,MXN,33.9000,PIECE,12750,CLOSED
PO-45137,SP-40,"Talleres Nortenos, S.A. de C.V.",2025-04-15,2025/05/04,MXN,33.9000,PIECE,12747,CLOSED
PO-45138,SP-40,Talleres Nortenos S.A. de C.V.,Apr 26, 2025,May 25, 2025,MXN,33.9000,PIECE,7843,CLOSED
PO-45139,SP-40,"Talleres Nortenos, S.A. de C.V.",2025/05/11,2025/06/24,MXN,33.9000,PIECE,13673,CLOSED
PO-45140,SP-40,"Talleres Nortenos, S.A. de C.V.",May 26, 2025,2025/07/14,MXN,33.9000,PIECE,11955,CLOSED
PO-45141,SP-40,Talleres Nortenos SA de CV,2025-06-04,Jul 12, 2025,MXN,33.9000,PIECE,8526,CLOSED
PO-45142,SP-40,"Talleres Nortenos, S.A. de C.V.",2025-06-19,Jul 30, 2025,MXN,33.9000,PIECE,12331,CLOSED
PO-45143,SP-40,Talleres Nortenos SA de CV,Jul 05, 2025,2025/08/08,MXN,33.9000,PIECE,10631,CLOSED
PO-45144,SP-40,Talleres Nortenos SA de CV,15-Jul-2025,Aug 14, 2025,MXN,33.9000,PIECE,13160,CLOSED
PO-45145,SP-40,Talleres Nortenos SA de CV,Jul 28, 2025,25-Aug-2025,MXN,33.9000,PIECE,10186,CLOSED
PO-45146,SP-40,Brackenridge Tooling Ltd,2025-01-06,2025-01-27,GBP,1.4610,PIECE,8214,CLOSED
PO-45147,SP-40,Brackenridge Tooling Ltd,2025/01/19,2025/02/11,GBP,1.4610,PIECE,10772,CLOSED
PO-45148,SP-40,Brackenridge Tooling Ltd,2025-01-30,11-Mar-2025,GBP,1.4610,PIECE,14597,CLOSED
PO-45149,SP-40,Brackenridge Tooling Ltd,2025/02/12,2025/04/03,GBP,1.4610,PIECE,9183,CLOSED
PO-45150,SP-40,Brackenridge Tooling Ltd,Mar 01, 2025,22-Mar-2025,GBP,1.4610,PIECE,15604,CLOSED
PO-45151,SP-40,Brackenridge Tooling Ltd,2025-03-12,2025/04/09,GBP,1.4610,PIECE,15049,CLOSED
PO-45152,SP-40,BRACKENRIDGE TOOLING,2025/03/22,09-Apr-2025,GBP,1.4610,PIECE,10448,CLOSED
PO-45153,SP-40,Brackenridge Tooling Ltd.,Apr 04, 2025,19-May-2025,GBP,1.4610,PIECE,11667,CLOSED
PO-45154,SP-40,Brackenridge Tooling Ltd,19-Apr-2025,2025/06/07,GBP,1.4610,PIECE,14651,CLOSED
PO-45155,SP-40,Brackenridge Tooling Ltd.,03-May-2025,Jun 02, 2025,GBP,1.4610,PIECE,12617,CLOSED
PO-45156,SP-40,Brackenridge Tooling Ltd.,May 14, 2025,2025-06-12,GBP,1.4610,PIECE,11921,CLOSED
PO-45157,SP-40,Brackenridge Tooling Ltd,29-May-2025,Jun 16, 2025,GBP,1.4610,PIECE,13119,CLOSED
PO-45158,SP-40,Brackenridge Tooling Limited,Jun 07, 2025,2025-07-11,GBP,1.4610,PIECE,12463,CLOSED
PO-45159,SP-40,Brackenridge Tooling Ltd,2025-06-18,Jul 27, 2025,GBP,1.4610,PIECE,14748,CLOSED
PO-45160,SP-40,Brackenridge Tooling Ltd,27-Jun-2025,2025-07-22,GBP,1.4610,PIECE,6947,CLOSED
PO-45161,SP-40,Old Harbor Machine Company,2025-01-06,26-Feb-2025,USD,2.0450,PIECE,12217,CLOSED
PO-45162,SP-40,Old Harbor Machine Company,Jan 23, 2025,2025/03/06,USD,2.0450,PIECE,8051,CLOSED
PO-45163,SP-40,Old Harbor Machine Company,Feb 05, 2025,2025-03-18,USD,2.0450,PIECE,3732,CLOSED
PO-45164,SP-40,"Meridian Precision Works, LLC",Sep 28, 2025,2025/10/28,USD,1.9120,PIECE,9000,CANCELLED
PO-45165,SP-40,Brackenridge Tooling Ltd.,15-Nov-2025,2025-12-15,GBP,1.4610,PIECE,15000,CANCELLED
PO-45166,SP-40,"Talleres Nortenos, S.A. de C.V.",Nov 20, 2025,Dec 20, 2025,MXN,33.9000,PIECE,9000,CANCELLED
PO-45167,SP-40,Rheinwerk Feinmechanik GmbH,2025-09-10,Oct 10, 2025,EUR,174.5000,BOX100,15000,CANCELLED
PO-45168,SP-40,Brackenridge Tooling Limited,27-Oct-2025,26-Nov-2025,GBP,1.4610,PIECE,9000,CANCELLED
PO-45169,SP-40,Rheinwerk Feinmechanik G.m.b.H.,12-Sep-2025,2025-10-12,EUR,174.5000,BOX100,9000,CANCELLED
PO-45170,SP-22,Brackenridge Tooling Ltd,Nov 29, 2025,Dec 24, 2025,GBP,1.0081,PIECE,4000,CLOSED
PO-45171,SP-22,BRACKENRIDGE TOOLING,Jun 26, 2025,2025-07-21,GBP,1.1502,PIECE,6000,CLOSED
PO-45172,SP-22,Meridian Precision Works LLC,2025-04-30,2025-05-25,USD,0.9795,PIECE,4000,CLOSED
PO-45173,SP-22,Talleres Nortenos SA de CV,29-Nov-2025,Dec 24, 2025,MXN,0.7041,PIECE,4000,CLOSED
PO-45174,SP-22,Brackenridge Tooling Ltd,2025-03-05,2025/03/30,GBP,1.1815,PIECE,4000,CLOSED
PO-45175,SP-22,Brackenridge Tooling Ltd.,14-Nov-2025,09-Dec-2025,GBP,1.0643,PIECE,4000,CLOSED
PO-45176,SP-22,Brackenridge Tooling Ltd,2025-01-19,13-Feb-2025,GBP,0.9510,PIECE,6000,CLOSED
PO-45177,SP-22,"Talleres Nortenos, S.A. de C.V.",2025/09/09,2025-10-04,MXN,1.1492,PIECE,6000,CLOSED
PO-45178,SP-22,Brackenridge Tooling Limited,Aug 13, 2025,2025-09-07,GBP,0.8740,PIECE,8000,CLOSED
