month,part_number,good_units_required,planning_note
2026-01,SP-40,38200,
2026-02,SP-40,36900,
2026-03,SP-40,41500,
2026-04,SP-40,40800,
2026-05,SP-40,42600,
2026-06,SP-40,41900,
2026-07,SP-40,37400,
2026-08,SP-40,35800,
2026-09,SP-40,42100,
2026-10,SP-40,43600,
2026-11,SP-40,42900,
2026-12,SP-40,42300,
TOTAL,SP-40,486000,Sum of the twelve SP-40 rows above
2026-01,SP-22,17800,
2026-02,SP-22,16900,
2026-03,SP-22,18600,
2026-04,SP-22,19100,
2026-05,SP-22,18400,
2026-06,SP-22,17200,
2026-07,SP-22,15900,
2026-08,SP-22,16300,
2026-09,SP-22,18800,
2026-10,SP-22,19400,
2026-11,SP-22,18100,
2026-12,SP-22,16900,
TOTAL,SP-22,213400,Sum of the twelve SP-22 rows above
